{"cameraMode":{"drawMode":0,"name":"Shaded","section":"Shading Mode"},"sceneLighting":false,"audioPlay":false,"sceneViewState":{"m_AlwaysRefresh":false,"showFog":true,"showSkybox":true,"showFlares":true,"showImageEffects":true,"showParticleSystems":true,"showVisualEffectGraphs":true,"m_FxEnabled":true},"in2DMode":false,"pivot":{"x":0.11308097839355469,"y":0.10560417175292969,"z":-0.1858196258544922},"rotation":{"x":-0.08598556369543076,"y":0.9010193943977356,"z":-0.20936180651187898,"w":-0.3700515627861023},"size":25.1296443939209,"orthographic":false}